5.095845093,-3.506130909,0.907932954
3.963867429,-2.715570363,1.604388619
3.702867985,-0.842887122,0.841729599
2.4250403,-1.369047934,0.157550578
3.969072676,-0.193429713,3.008868787
2.890494456,0.808776186,3.533860073
2.051998686,-2.838071865,2.248089982
2.796075529,-1.79648146,3.109559902
2.95197549,-1.1502216,6.424348761
2.809869837,-0.939365862,4.879467396
0.995511472,-2.48941319,5.103005533
0.488007842,-2.152529341,3.688244597
2.95498948,3.043815135,2.778432523
1.988208543,1.990926434,2.202329571
3.368243201,-4.895187131,1.72901346
2.182714435,-4.279420758,0.865819196
6.12491115,-1.011462723,1.868361042
5.81164751,0.306287627,2.675336489
1.296083771,0.915738326,0.190748225
0.71944795,2.221187889,0.817908968
6.644487402,2.264956944,2.854529363
5.188288588,2.122001524,2.274465919
3.860348226,-4.897190932,-0.468497648
4.98702964,-5.65222296,-1.271560168
-0.050703372,0.81945765,4.764463815
0.068026004,0.290300194,3.312894563
-0.034310342,-1.148973596,1.884500948
1.467165951,-0.673041902,1.897289513
-0.363247099,-0.790594661,-0.149404425
0.58984158,-0.947014708,-1.346182752
0.324510202,4.822302496,-1.380471306
0.066407108,3.340211913,-0.916809705
4.110822316,4.288457443,1.292000558
2.740641336,4.804026861,1.861412266
5.282787646,-2.221165057,3.414168894
5.241960188,-2.969738164,4.799679919
1.913229357,-5.788373845,-1.337564982
1.062845456,-4.706136201,-2.086358344
0.410377591,-5.198823775,-0.090930514
-0.290362334,-6.519733784,0.210622736
0.480183064,-2.964429159,0.058606699
0.144913888,-3.435888117,1.493051193
-1.725699823,-0.341535534,1.213746331
-2.136495216,-1.794101297,1.557981722
-3.539956393,0.473081258,4.070932711
-1.96995182,0.227777878,4.009692123
-0.566999153,-8.471026204,1.822070926
0.525229923,-7.410550516,2.141635187
-1.892212399,-3.428656112,2.57814897
-1.546772288,-4.837817416,2.021368585
0.986970436,-4.331725949,3.61057138
0.620746908,-5.234465879,2.377743774
4.632881615,1.146347224,0.383973048
3.299166421,1.873740542,0.658267222
-0.818400952,-5.482918449,5.324354188
-1.044647999,-5.214012305,3.825307734
-0.505242368,1.161665016,-0.855154459
-1.46729558,1.866188874,0.128854554
2.105116468,3.236196922,-1.729883645
2.521638455,3.266579675,-3.20746398
4.578485517,0.507546703,5.510806207
5.431780777,-0.292965742,4.471411413
-1.789546622,1.959829235,5.250165102
-1.722019751,0.765747805,6.275691383
-4.067433838,-2.807857675,2.897650664
-3.211753855,-1.507218799,3.282783604
6.923354529,-4.739562295,0.521233362
5.676815529,-5.610610241,0.921593377
-4.990118231,0.109950081,2.595165191
-4.655244103,-0.747024802,1.345320001
1.609114882,2.730900119,4.492668025
1.06656911,2.133531406,5.810145731
-3.266758693,0.866357984,-0.624422673
-3.342510755,-0.676588611,-0.390184073
-0.209697288,2.391462299,2.841852786
0.379861012,3.706240584,2.155666308
-4.375800132,-2.12594907,-0.833428776
-3.643094916,-2.767698679,0.361666978
-1.943738895,-6.679923057,6.694732696
-2.419839988,-7.68592214,5.62115506
2.324916899,-3.390558232,-1.208959653
3.568025599,-2.672149869,-0.597956923
-2.017873394,1.647518264,2.386639307
-3.161451289,0.930313733,1.593678734
-1.138404107,-3.199393956,4.972964233
-2.518234322,-2.917384536,4.343623531
2.027150387,4.227402817,5.904245025
2.535842968,5.2003088,7.026418267
-4.907996871,2.048091051,3.566845447
-4.67203266,1.940147734,5.087204012
6.291692575,-0.001533889,-0.044015016
5.479742073,-1.090903511,-0.812966522
0.038250696,5.240203386,3.950938622
-0.030638306,3.935642237,4.785927889
-7.419322917,1.066857907,4.400110304
-6.533464763,-0.240880332,4.620374418
2.860829534,0.132770051,-1.009618204
2.347794582,-0.576734805,-2.280835087
0.885980314,1.70388159,-3.748809024
1.191612509,1.09423297,-2.366898677
4.282638019,4.143356236,3.735821822
3.972277597,4.548248021,5.212430259
-6.393094923,-0.159268939,-0.680712198
-5.612505197,0.727023092,0.341590041
-4.564123749,3.989589942,2.198765307
-4.19204065,2.767224879,1.241767053
3.242540386,-4.894307382,3.676460944
4.633857361,-4.35345233,3.317090005
-3.18243548,2.985328556,3.217610096
-1.85378976,3.554059539,3.851066385
4.865573675,-1.654816865,6.108963503
5.465022268,-2.70765179,7.062873111
0.727165643,0.437646528,7.189974387
1.361315818,-0.186997381,5.933964571
-7.46216138,1.991500724,1.875951889
-6.144130618,2.830677,2.021836048
7.796829787,-1.354273756,-0.865935562
7.4395967,-1.058428503,-2.354237109
-1.832279619,-1.604602784,5.912714061
-1.982052239,-0.991436485,7.340354722
6.270152734,2.333408281,-1.307577436
7.097643935,2.19605949,0.015639667
-2.159040898,1.673365584,-3.651884157
-2.044823703,1.94963131,-2.088679668
8.574206955,0.852530796,0.602866515
7.741855604,0.481571929,1.818353033
-3.161363321,3.110403907,-0.587513422
-4.720174693,2.932563463,-0.610416444
0.025502427,-1.464080385,-3.032948044
1.107779548,-2.505320095,-3.33493908
2.26705329,-6.352751205,1.221125928
2.773840882,-7.55565327,2.050556971
-1.660847116,-4.673025274,0.097603491
-3.17426692,-4.616077186,0.491613905
4.79486695,-7.384830692,1.623034815
5.892461649,-7.638129426,0.532665025
-1.454184257,4.164255202,1.758730158
-1.877489074,4.855862709,0.462534582
-5.348751524,0.715424583,-1.992612271
-3.948437032,0.916583805,-2.650171327
-4.536305242,0.540827901,6.840435064
-3.762426573,-0.291891172,5.762062495
-4.981047963,6.142797593,-0.484298765
-4.607289914,5.230926115,-1.708077882
4.287819932,1.989755832,-2.401253464
5.145625066,0.837165076,-1.776433033
-3.09567397,-6.228822748,2.626789727
-1.726651472,-6.841551877,2.138954186
0.905848588,5.903411759,1.192848631
1.182875555,4.580019815,0.4603303
-1.503233615,-3.137615056,-4.394518671
-2.924890202,-3.727132532,-4.512704061
-5.26200747,-2.034321845,4.754275483
-5.818954316,-1.664185718,3.314981369
-0.625908511,-3.670019292,-1.731298519
-1.39230366,-2.677341291,-0.838681736
-2.832418534,4.961278062,-1.242030882
-1.692794848,4.15594481,-1.977118321
0.697135093,2.400650341,8.082235219
-0.695574368,2.222716762,7.359906389
-1.594882291,-4.725788939,-2.987584043
-1.716155271,-5.814049754,-1.841478911
-2.26328466,-6.648212324,8.965520827
-0.75059235,-7.008551396,8.631963516
-3.758752375,-3.468579658,5.912702764
-4.369893622,-2.267542153,6.648231481
-3.216643898,-2.178332363,-2.93129345
-4.354989902,-1.111014106,-2.656882777
1.784552134,-9.292794331,2.141513352
1.691778638,-8.678830912,3.585806976
3.257411479,4.835787645,-2.402389428
4.610696389,5.596900224,-2.486034474
1.554974873,-6.44534804,4.018045063
1.080527294,-7.304125376,5.249175013
-0.4643708,2.91411546,-3.107098838
-0.027020945,4.219524699,-3.766411809
-8.903732351,-1.912309442,3.787252487
-8.677507729,-0.539395257,4.470041057
-0.681236915,-10.50867198,1.61622762
-2.008892326,-9.670852937,1.754989334
-5.406996407,-6.745214272,7.345852209
-4.054381815,-6.236997612,6.827687618
1.674835848,4.600273823,-5.217860287
1.678855345,5.470977709,-3.922337261
-5.326986605,-1.556126114,9.847374722
-5.718067883,-1.940816957,8.373244506
-4.199138701,-3.734457385,-2.473930785
-3.452990157,-4.577159687,-1.420179901
-5.00767782,3.84388438,-3.604462244
-3.79482022,3.15624528,-2.86691918
4.93293237,-8.149129761,3.602633162
4.207609724,-6.77114887,3.34556645
6.852952686,-2.671962114,0.833311088
8.189522442,-1.885072865,1.0278745
2.834387873,-3.322329853,5.443080409
2.508033712,-4.702846316,6.131194707
-7.130628873,-1.04175333,1.800558455
-6.951278088,-2.626118724,1.740246763
-6.985782508,-0.620283807,7.75095833
-5.838201357,-0.897934584,6.727548094
-2.307147425,3.669054916,-4.688075218
-3.507469912,2.782593262,-5.169795485
-3.655675358,0.622826582,-5.240425141
-4.807377322,1.134911099,-4.35959356
5.240574512,-3.351435128,-1.426670596
5.928923186,-2.646085124,-2.614151989
-0.184701371,0.158114252,-5.259165505
0.8838907,-0.814242587,-4.625249814
0.297013355,-4.597621632,-4.12260364
1.847373939,-4.579620664,-3.787809832
0.312611718,-7.692055069,-1.524058242
0.349878834,-8.651841606,-0.283730567
5.694644166,0.054669722,-3.563475179
5.731724536,-1.204538908,-4.456785727
-2.891497854,-5.847017525,4.468402023
-4.17619067,-6.771230836,4.46333709
8.862784622,0.33956332,-1.527429969
10.2298861,1.092604254,-1.445974321
-5.220070574,-4.318052965,2.316198445
-4.838902992,-4.600865817,3.78025695
-7.188287649,-4.996126428,1.664626879
-7.260119693,-4.285556476,0.280072511
-1.847581632,-7.461407596,-0.841158102
-2.690560916,-6.712213133,0.218913243
-6.228650515,-3.625077222,6.539110369
-7.623923513,-3.319236485,7.200006465
2.649640243,2.011015173,8.791868908
2.490644981,3.389482755,8.101131518
-6.44478263,3.007802516,-5.405049657
-5.917662612,4.478118917,-5.33616862
3.276881704,-2.520861097,-2.887405206
4.355050804,-2.962341613,-3.951432202
-4.635511244,-6.070364488,0.90410293
-5.369411981,-4.909686129,0.189641899
-1.500947808,6.219271381,2.519351681
-2.154835679,6.427684585,3.900473124
-7.720751992,-3.383790711,5.001665295
-6.893605801,-3.49804089,3.689779636
8.98158273,0.638281501,-4.227011196
9.312587867,1.649823462,-3.088294788
-9.356258416,-5.360646801,2.137333337
-8.712803392,-4.608561763,3.355222401
-6.333392318,2.450755664,6.943219145
-6.608799713,1.068273495,6.236886642
6.396232263,-3.300241072,-4.79591733
6.376893313,-4.411742653,-3.714873778
-6.950646817,0.764868127,-5.144049489
-7.825052148,-0.328805979,-4.45785323
3.757332121,-7.232539324,-1.244014588
2.550794867,-7.451923968,-0.2447456
8.341711856,-2.265790067,5.889229004
8.467907416,-3.223439181,4.668877055
6.024766134,2.358204963,4.927809426
6.407223422,3.288929395,6.139454357
-1.551083988,-9.725183413,4.464369856
-1.040410901,-8.356232774,3.849817276
-7.189633612,-5.324823585,5.166866402
-5.871470054,-5.940241718,5.655244751
0.664378264,-5.325124454,6.905401663
-0.760931368,-5.19918589,7.473621344
1.051949316,-7.695923819,-3.748992307
0.166579274,-6.532169607,-3.141479384
-2.352182214,-8.855406261,-2.327388686
-1.050947874,-8.833845944,-3.145975576
-7.557686134,-6.864082872,2.479937584
-6.407744908,-6.205686284,3.262217778
0.392845808,-8.493337467,7.020641567
-0.490792403,-8.161848992,5.795296418
4.431530165,-1.610556064,-6.705160728
5.260416399,-0.424746697,-6.101805429
-6.560271313,3.047503917,-1.361154773
-6.689077413,3.444801033,0.149622745
7.90628427,3.818019451,3.12681489
8.619408071,3.052633402,1.938071244
3.887193872,-9.408626888,5.390993622
3.133612682,-9.921627075,4.13357616
-3.187666691,2.648039032,6.371084262
-4.235950412,3.401169839,7.230277597
-4.497677477,-7.900544688,-5.77292723
-5.565234356,-8.450950041,-4.79388996
-2.70533243,-7.037860043,-3.860226209
-3.354296402,-5.674980391,-3.449866817
-5.150190484,2.940841982,9.260828382
-4.472268938,4.311778629,9.4913562
-0.129341145,-1.717392973,6.9961468
0.158768897,-3.251471732,7.093061029
-6.380727874,1.556618831,8.754522417
-6.074265098,1.135386701,10.21274887
3.049635028,-7.550910341,5.504139555
4.442434684,-7.115785139,6.065639883
-7.246030873,-4.678567607,-1.744493823
-5.662517783,-4.828334557,-1.690420398
-7.797911874,1.670124995,-6.913455692
-6.265994572,2.080864356,-7.086343557
-1.71789525,1.869496199,8.975694509
-3.206685743,2.328672503,9.038260001
-0.247389799,-2.802880589,9.728927324
-1.297754367,-1.662125128,9.594956135
-2.931383109,7.949774306,0.311450023
-3.129866861,7.062064801,-0.912533301
5.553164977,3.872603692,-0.312165751
4.098212202,3.816871312,-0.819686262
-9.914103938,-5.164672143,5.790903762
-9.533705442,-6.114354388,4.63685661
-9.003836298,1.172448034,-1.291324003
-7.704694666,1.374531719,-0.470134335
-8.676567608,-0.0780687,2.567945219
-8.569942925,0.486623661,1.104410494
-0.90510443,6.850210263,-1.156999864
-1.219037408,6.179881783,-2.505923566
-2.566733818,-12.14817,4.145155458
-1.448071334,-11.85797717,5.162345416
-6.678819677,-2.630678053,-2.416379172
-5.986743664,-2.637151319,-3.811516364
0.497431533,-2.960280693,-5.763562713
-0.873945076,-2.610791525,-6.445292961
8.144145414,-2.093462244,3.056876264
7.044806808,-3.176766095,3.299032211
2.6344088,-3.016918068,-5.153039173
2.152441462,-4.306239491,-5.936255863
-3.288889386,6.549898426,-3.717351234
-3.095999914,5.076698454,-3.384760487
-0.815836299,0.22192686,-3.037518943
-1.965053802,-0.42409119,-2.212277567
6.203667068,4.402011688,-3.331832723
6.935871875,5.655316453,-2.804683491
7.549264002,3.118563876,-3.775574769
6.151600763,2.41967074,-3.591438634
8.343679536,-0.166638185,6.502344275
6.859371376,-0.407756217,5.991456235
3.504188414,-0.850831387,-4.370523926
3.226307583,0.529928907,-3.737739501
2.369544446,-0.326189237,-7.367731744
3.173171057,0.311196871,-6.164986951
-10.89632986,-3.506944443,6.407318111
-10.54283646,-3.395228965,4.888785957
-2.37761825,-1.240605248,-6.066879206
-2.182970945,-0.881584527,-4.516084417
-7.846516951,-1.551931644,-0.746554601
-6.493939985,-1.988789086,-0.083745121
-8.317092286,-1.101718233,6.483440731
-9.650435891,-1.844981525,6.339183057
2.832933827,-2.375917942,-8.814745755
2.837104044,-2.672453101,-7.290359573
7.991812125,-0.420202687,4.228973925
9.195876884,-0.182881356,3.310770113
-6.872312473,2.91547608,-3.416400634
-7.11845179,1.413100601,-3.116258395
10.27462283,-2.444368786,1.941859553
10.16308474,-2.58168855,0.362279163
8.185663579,-5.737971706,-3.307975034
7.476444748,-5.112295339,-2.092499272
1.126124654,7.778493612,1.261879065
0.633318711,7.861855082,-0.19378077
4.498009396,-5.009871835,5.577917256
5.694766146,-5.735001912,4.863039117
3.092969191,7.052620775,-0.97414143
3.692301605,5.91568175,-0.129851594
-3.555159614,5.575803731,1.808401248
-5.083651233,5.96551439,1.643308596
-1.362806474,5.985820957,-4.658940049
0.044546507,6.606379574,-4.781585275
-7.052668434,6.142909774,0.289069763
-6.469177823,7.375895835,1.059986815
-2.727745405,6.52672008,-6.41987537
-2.810154381,4.963581529,-6.341729675
5.557840343,1.797061394,7.135557798
4.565379691,0.87193001,7.932782398
10.36665806,-3.844966193,3.792815647
10.70946109,-2.419261062,4.337516793
-2.79330269,-0.165682266,8.898698576
-3.525953139,-1.562453362,8.948480294
-11.38409479,-4.561975516,3.263769424
-12.24772274,-3.279913885,3.056040188
3.144698655,1.890441428,6.465315269
3.930141539,2.492896537,5.241584554
9.203644234,4.153975276,0.115233165
9.303968635,2.624319979,-0.298309882
6.473060083,-5.380667275,2.718029503
7.099771636,-6.744442439,3.063240051
9.449498458,3.576364833,-2.408514788
7.99814487,3.391237309,-1.822167981
-7.618946235,-7.335493489,4.590024519
-7.588054865,-8.668197511,3.77546267
-9.287810568,6.23607746,-0.663279396
-8.853040293,4.996212715,0.214404807
5.715499891,-2.877705808,-10.16553083
5.244035713,-1.733731947,-11.05793875
-8.632687447,-6.443788661,6.889783524
-7.538483139,-5.458567693,7.325270984
7.185514833,-3.425269951,-1.135691788
8.691858037,-3.840111138,-0.886508048
6.206136602,4.695545564,4.37924033
7.65484517,4.789126091,4.985932222
-0.913332625,3.538239021,-7.091983687
-0.488663508,4.471260052,-5.899119552
-0.372364202,-3.486925654,-9.266224125
0.549724523,-2.779219393,-8.246823167
3.709791665,-5.177282359,-2.731131508
2.757641479,-6.279007763,-3.312668738
5.116468096,1.68790108,-6.025591994
6.508870925,1.601106362,-5.391479245
4.149355823,-5.321912978,-4.970218791
4.820819905,-4.753200181,-6.334891004
1.487981053,-6.41870834,-6.949966738
0.924044035,-5.916502324,-5.60909175
0.34510183,10.04050351,1.352849927
1.491557953,10.88527715,1.986285261
-10.1744754,-0.49432503,-0.35193465
-9.633271431,-1.75752246,0.39127564
-1.224864618,9.83885719,-3.330762307
-0.205809281,9.082601932,-4.208239203
-6.088712262,6.305780123,-6.646503129
-4.576667318,5.82991072,-6.69484006
-8.666692048,3.049287163,-2.166965098
-9.049678979,4.474738633,-1.697557022
-0.998314368,2.243754435,-5.399900362
-1.822337962,1.09376606,-5.991894491
6.609261225,-5.251890005,6.690690362
7.896434714,-4.377205044,6.47831717
-6.621909965,-9.388929675,2.268860272
-6.759438354,-10.46174503,3.367421213
3.257119904,-8.725607,7.403893255
3.16298703,-10.21239246,7.888925044
-6.093880605,-4.696271621,-3.92791896
-5.017359024,-5.68619405,-4.476711826
8.799944191,-0.712219322,-5.64169383
7.689433814,-0.86774222,-4.50546792
0.946097539,2.6558419,-5.682456927
1.43596721,1.176814248,-5.45085814
8.686490951,4.401193959,7.061190255
8.983992345,3.507615059,5.814490272
8.223784735,-5.297071303,4.068708245
9.479754698,-5.620989947,3.273174059
-4.835579748,-6.31732881,-7.746823542
-4.221084303,-5.812099199,-6.408324385
4.090525563,3.783704665,-5.66896309
3.094077648,2.572456712,-5.676111318
-4.271908819,-3.605855064,-6.487009482
-2.958961717,-4.404955438,-6.383757756
0.884118771,-10.55653227,-0.234506564
2.300667331,-9.834109421,-0.200945844
4.425364736,-1.033835036,-9.117692888
4.133819042,0.251814645,-8.287306782
-1.042127326,-5.367591547,-5.764650705
-0.845541637,-6.764389863,-5.106661055
6.549868963,-1.384072739,-7.265453125
6.263131422,-0.527356227,-8.538192864
5.15242092,-7.849323999,-2.865204989
6.076691543,-6.623522907,-2.641677171
-5.466369574,0.257770019,-8.124201012
-4.953065545,0.42539555,-6.64992136
-4.225556994,8.379530389,-3.194272825
-3.262716703,8.757836668,-2.032801926
0.738105455,6.922693339,-2.858478702
2.159767098,7.498339661,-3.119643553
8.160026571,-2.792079567,-6.558383994
6.710022879,-3.34565502,-6.739308289
5.045984366,7.321104116,2.435871045
4.54857737,5.84909627,2.664618118
1.002785992,-11.90831383,5.116453667
1.987431104,-10.75820825,5.400973082
2.374500084,-4.61423542,8.068751926
3.149145346,-5.92918945,7.842492408
7.195304351,-2.41116984,-8.964718553
7.398329345,-3.972885551,-9.090869318
-5.264752597,-8.669213382,0.579742381
-5.620327473,-7.472242286,1.523428595
5.740698551,5.939447628,-0.650426053
6.10783445,7.248479666,-1.422020071
1.997524291,-2.659442596,7.8989857
3.530578377,-2.868665378,7.615167857
8.447460832,5.25724727,-1.408277144
7.951091861,5.975975621,-0.103025734
3.705602831,6.108528436,-5.586949316
3.937661325,5.509731573,-4.171980558
3.40549613,-9.342665203,-3.300245802
2.64277643,-8.75670911,-2.097024912
6.431570755,8.792911138,-3.106831374
6.194000339,7.419992401,-3.805976361
-0.594446676,8.955111882,2.906648654
-0.787853097,8.492347046,1.452962622
5.876090267,8.919273451,1.467600446
5.395948686,7.815063641,0.517548249
-8.103396416,-0.581753673,9.541847729
-8.874209006,-0.328763891,8.204867793
2.016289988,2.665270176,-8.926313289
2.193884086,1.785016146,-7.648126765
11.13607117,6.178965649,4.556778148
9.952739194,5.290308774,5.125061689
4.585742917,3.548013413,-9.101097251
4.162655627,2.826195644,-7.772058378
-1.964751996,10.75369278,-0.820518301
-1.764475794,9.267398413,-0.464730183
8.695212698,4.31537612,-5.920575677
9.316320244,5.755289695,-5.974184219
0.746431792,-8.649832635,-5.529204007
2.068933245,-7.826946801,-5.600973341
-7.353780864,3.174570296,4.363509724
-8.504978322,2.519437405,5.25723077
0.477990449,-0.573235213,-8.384811876
0.680266447,-1.036256094,-6.897910484
-3.423647665,4.471498979,5.057680227
-3.971405885,5.395606728,3.902480453
-2.740559803,7.760730594,2.410168822
-3.288849132,9.161999966,2.009800398
-1.732701726,-5.792678795,-7.696667027
-0.907770167,-4.449382042,-7.707574703
-3.8516201,-8.501998234,2.038065991
-3.449528786,-8.737506971,3.53734063
-6.934007788,-6.464526896,-0.941798575
-6.109562804,-7.671202987,-1.414320531
2.652611357,-0.228486167,8.236772744
4.022703156,-0.782522233,8.704003233
10.76527597,3.777915276,3.907450392
11.15110485,2.896669688,2.685838951
4.218709522,9.164723528,-5.449762119
3.587967798,9.143178874,-3.986799248
10.21549311,-4.640818734,1.470398177
8.789932483,-4.2039603,1.938337665
4.592531577,-1.240395962,11.03778477
5.443246816,-0.042727325,10.59210018
0.609450905,-0.859718016,8.993413638
1.038175221,0.487196307,9.609723325
-6.755784548,6.576108968,-1.939619438
-6.620156686,5.019349011,-1.699368724
-4.459533415,-7.332507818,-3.090770995
-3.987480666,-7.418732684,-1.624790147
9.681493436,2.741467598,-6.854050054
8.998543483,2.37718455,-5.49868561
-10.30035629,0.763127947,-2.946590168
-9.306851934,-0.411338455,-2.700533324
8.931227228,-4.517604776,-4.806132835
9.153479937,-4.398169638,-6.326290709
6.425371566,-9.300046514,3.125727973
6.35407357,-9.784030482,4.612991842
-10.92345122,-2.192000792,-2.766771959
-9.791495469,-1.973094237,-1.718285723
5.464893301,-4.650770975,-8.309244222
4.655350777,-3.350826458,-7.942415646
-9.416209443,3.20352503,-3.924059313
-9.179500793,1.729819541,-4.272123595
-1.854303992,8.338035944,-6.289220777
-2.098538557,8.26402138,-4.774318314
0.822091959,10.59891899,-5.308502127
1.990839282,9.60559713,-5.170868127
1.681533697,-8.149507566,8.873318934
1.46548361,-6.653484031,8.576090118
12.4304616,1.499024985,-1.17798472
11.50650426,0.689487677,-0.210872209
-7.392742796,-8.214259539,0.419162339
-8.296225171,-9.412996965,0.787584042
-6.491167209,10.32440827,-2.250132576
-4.992157972,10.3677791,-2.614590766
-7.956619662,-3.578885904,-5.724997174
-7.873423163,-3.748922546,-4.190601513
-10.24741589,-3.036563333,2.313503201
-8.886915048,-3.30259844,1.56332654
10.20122065,-0.519315739,0.972151548
10.71243219,0.557481246,1.931857483
3.3822546,8.920297036,-1.666688816
4.386923971,8.093872786,-2.562696268
4.037107638,9.346761866,0.303615215
2.529190624,9.829416428,0.266789827
-2.445158037,1.868105573,-7.881156009
-3.249848727,0.520854455,-7.640167297
0.784229796,7.707419086,4.110211005
1.43682305,9.008944579,3.570294747
-0.452211225,-5.129487605,9.520647974
1.013136958,-5.002458583,10.0703188
12.49029541,2.950673932,0.328072005
10.96829739,2.987042175,0.754073311
5.699144227,6.03097535,-5.259749111
7.27635675,6.072033139,-5.408236052
-1.018602584,0.799212479,-8.582729636
0.397853746,1.502296415,-8.620276925
-4.917148434,-3.739635291,9.403939002
-5.004942982,-5.061160607,8.55470845
-6.21817712,4.869831063,4.508064891
-5.390730684,3.759506144,5.215162171
-10.76576325,4.283999987,0.082389982
-11.71930383,5.536879757,0.01083702
10.54264453,-2.837129331,-6.768087259
9.965325771,-3.435430652,-8.100978494
-8.805491967,3.435026822,-6.121795835
-8.225834087,3.899268022,-7.504127072
7.649744616,-6.003806127,-5.716178914
6.083969969,-6.187405737,-5.547298604
-1.542385134,-8.952673703,-5.262902049
-1.308485091,-8.117549292,-6.572818289
2.520756954,-11.00857817,1.184225261
2.473681972,-12.53253706,1.49675136
-10.45455391,1.307127173,2.57195769
-9.598005723,2.300645393,3.492382518
4.833996624,4.947568883,-7.344423722
3.301604,5.211544963,-7.610882089
6.705418309,3.404698412,-7.306420147
6.476719443,3.79823367,-5.829048048
1.173973656,-9.814883715,-3.138778454
0.172616541,-10.4326781,-4.181865247
2.581272299,-10.03079179,-5.370755246
4.033945612,-10.65637852,-5.441380898
-9.243316644,2.823745305,0.329905011
-9.919078427,3.159729543,1.691200568
2.694233847,-5.169063232,-7.662208565
1.824450419,-4.500086854,-8.745157392
-5.075784952,6.677393532,-4.829852746
-5.4498591,6.466192409,-3.335695631
-10.47587784,-0.940494747,2.126572944
-11.82154859,-0.16842868,2.018589395
5.947571949,11.75285007,-6.433295729
5.512169269,10.32344263,-6.841213189
7.59350927,7.370273165,1.747714507
6.755844043,6.204352065,2.330098517
-6.272104956,4.780884237,6.963210271
-7.802131691,4.361110283,6.791599838
-7.657451022,-4.283997535,11.17498426
-6.657484276,-4.604852607,9.982030396
-9.600131023,-7.809010731,9.105159399
-9.244097103,-8.696129322,7.863828403
7.45769476,-2.505914092,-13.58793145
6.982225627,-2.027543165,-12.18499268
5.281583745,8.346364277,-7.375092283
5.981211594,7.99098749,-6.029180719
-0.183236103,-12.26890002,-1.257935903
-0.222792552,-10.86003248,-1.940803871
-6.65446404,-8.100759705,9.64119103
-7.027390527,-6.785291171,8.915796103
-4.165941163,3.211595242,-6.879460385
-5.106264473,3.792699392,-7.983588004
-7.859032931,-1.643758688,-6.141368463
-6.345576669,-2.037131794,-6.077332921
-1.320848269,5.894887642,-7.67452181
-0.330581263,7.089966597,-7.674712206
2.045665504,11.28819627,4.331898936
0.922319718,12.14271025,3.737165252
-7.453044606,5.651710787,3.036116585
-7.690712805,4.359256157,2.144022054
12.13191195,-3.387237034,0.743816555
12.51669556,-4.580363658,1.687410643
7.424002849,9.556447707,2.878425075
8.019527142,9.79226456,1.44995182
-4.303396089,-1.471395393,-5.062785793
-5.699439493,-0.882994389,-4.590907101
11.80546815,-1.247304877,-6.979986026
10.65937242,-0.397715502,-7.592932847
5.856727052,2.130744064,-8.616529494
6.685258389,1.42338531,-7.518632462
-11.02632369,7.373839757,1.071151486
-12.07473475,6.400864001,1.671397093
-12.66769058,4.089358106,-2.278760422
-11.14854044,3.717805447,-2.334024451
-4.42395609,8.093985737,4.66333883
-4.593419731,8.089792722,3.120908647
-0.106616913,-0.404878803,11.08929666
1.173230607,0.055173142,11.82309893
-3.436588238,-9.020210914,-0.409620116
-2.114393286,-9.801382129,-0.281328327
-9.622863769,4.526569732,4.827136927
-9.266845865,4.936041535,3.353680937
-9.406729894,-1.798022096,-4.191870592
-9.922855069,-0.710056476,-5.203950315
-0.610905894,11.65404816,-2.162066456
-0.713075249,11.97465751,-3.657847717
9.067214917,5.805140599,1.794674789
10.26967137,5.640829357,2.779463724
1.203448415,12.9867212,-5.232315541
1.314923703,11.97563838,-4.041243905
0.05948604,-13.70104219,4.145914139
1.486141617,-14.24519988,4.423380724
-1.174848924,3.138099707,-9.240806276
-2.368597363,4.050419907,-8.910148694
4.273114207,-11.58233092,2.585361603
4.690568573,-11.22878887,4.037775299
-7.098265866,-7.048243364,11.29754536
-6.57645025,-8.116398361,12.27147551
-11.98174725,0.807886808,-2.252271748
-11.99920226,2.101225848,-3.149816347
3.430182063,8.395362689,-8.723950883
2.564864568,8.147152332,-7.451559499
4.093400362,-5.73509029,-9.14298474
5.020851643,-6.498084711,-10.13915819
0.162690404,9.610363757,-1.013134814
0.154012307,8.751504728,-2.275888119
1.285365031,-9.960754454,-8.103534676
-0.066579671,-10.06185276,-8.873190861
2.000689836,6.475308939,-6.416410312
2.016481736,7.482670856,-5.227540992
3.115184964,-2.305105005,-10.72665723
1.794361933,-1.467118541,-10.68513476
2.601076824,-2.693632948,9.916572389
1.397640178,-2.753737935,10.89659408
-6.785709609,9.507678228,1.81447582
-6.589532946,8.474550682,2.934713481
12.7402192,4.882344079,3.455691737
12.41601142,4.294416453,2.036502508
2.068448814,6.604456185,3.26530139
1.992092422,5.945431302,4.705806333
5.197454724,10.40484907,-1.825272603
5.336451918,10.58634426,-3.354893131
-9.445708837,-3.65558518,8.174791768
-8.330130244,-3.391677984,9.216763015
2.419263539,-12.4240464,7.497882066
3.838536625,-12.22590412,6.911537701
0.032576224,3.665841594,10.75014495
1.347586242,2.822018681,10.7670339
-12.88374179,4.486962045,2.889076216
-11.47712786,5.036951152,3.27809789
8.352199149,-0.356919818,-7.613883408
8.915590403,0.978455066,-6.99626632
0.895975956,5.28665523,-7.407477865
1.682787608,3.945719766,-7.364490922
-2.341500463,-8.436200878,7.530069473
-1.278425406,-9.569097666,7.853039093
-11.45513041,-4.728120036,-5.034711628
-10.10891786,-3.985672439,-4.742636732
-5.194225135,9.991002873,0.498108569
-4.165733689,10.30132235,-0.61223703
4.789309815,-7.991056541,-7.222182285
3.936480019,-6.906396846,-6.526026895
-12.42010857,3.363265495,0.102064988
-12.98188497,2.643658845,1.376756479
-8.635052928,8.106006605,1.585788698
-8.946229389,6.605838694,1.742579716
7.110289308,2.167578808,-11.19335211
7.434579573,1.655640829,-9.762462685
1.532106856,-12.4117454,-2.551603453
2.548244383,-11.31106442,-2.12937179
-1.363935703,-12.03226137,0.338562268
-2.610676272,-12.14679086,1.276929152
4.8265129,3.092867687,8.800244838
5.47077526,3.977436334,9.898664022
-0.555201073,-11.59989216,3.308933896
0.803854315,-10.86189234,3.002162099
9.297341501,1.207095704,-10.26583285
9.789506342,-0.246512737,-10.13985665
-9.983587684,-1.843287828,8.86408307
-11.46001891,-1.98707049,9.30845879
-10.84167117,-0.917661221,4.569459698
-11.65009521,-0.223868639,5.725915952
-3.822468644,-10.62059529,2.337135511
-4.607099297,-12.00333543,2.240801483
-5.311584263,-8.853179032,4.246029341
-5.138265196,-8.338407129,5.72167906
-12.33940276,-0.296748967,-0.384797961
-11.91086393,1.172741265,-0.193606551
-12.76625626,-3.718563648,5.774347577
-12.37561146,-2.161706158,5.708622088
0.538229584,-10.61434307,6.85531695
1.258248636,-10.02236609,8.084409382
1.406580312,0.684992265,-11.8333978
0.548653561,0.374725876,-10.53773148
10.1454859,-1.156891704,-3.730730882
11.65751459,-0.841466531,-3.684681248
-0.792768858,-14.39443586,-0.435299381
0.47830541,-14.7567216,-1.240688127
3.045940489,10.91487045,-2.757997872
1.734818683,10.11313434,-2.450416038
8.517267946,-2.337726644,-10.34862985
10.09122151,-2.185832166,-10.35801225
-5.280804095,-3.015181728,-8.460281724
-4.741903149,-1.739316624,-7.736591193
-11.99707168,2.559474689,3.207866011
-13.23416466,2.861488043,4.118811202
-2.62805167,14.81848681,-2.106719366
-1.208909973,14.42970626,-2.647851857
-9.374956398,-5.432006411,-2.611036195
-9.304953921,-3.863065439,-2.414388426
-1.765839849,-2.295376465,-10.43307362
-2.198062969,-3.631415801,-11.14242574
-4.438397159,5.82479803,6.01613911
-5.424558695,6.816573277,6.752980135
5.338892009,-9.282999891,-4.482481158
4.337849497,-8.314928037,-5.208306271
3.073608484,-4.674530861,10.5124531
3.399516584,-6.058983319,11.10632834
-6.792578125,-8.55695509,7.175219397
-5.471002779,-8.952168497,7.957315895
13.36041672,0.856309592,-9.642872331
12.96463307,0.248117073,-8.271701165
-1.551624074,5.541905751,7.079324662
-1.137478598,5.546022457,5.554115532
-8.542573729,-8.862149725,5.647656322
-7.593673201,-9.979364141,6.20248276
-2.821738952,-2.414870184,-7.803002147
-1.881939576,-1.354688048,-8.394646031
1.409905415,-13.45016504,-4.231574892
0.299267713,-12.45602663,-4.643060198
8.693185152,5.684887541,-3.764345861
8.4399817,7.201203545,-3.766573568
-5.805766633,-0.371765814,11.8487443
-4.552562242,0.018238373,11.04588922
3.271992058,-4.359208673,-12.21257084
4.178252695,-4.032408363,-10.99932777
1.255430271,14.08611769,-2.378009962
0.658099101,15.21508808,-1.506121216
9.600151768,8.469577503,-4.779287617
8.455063585,8.204377893,-5.823339321
3.479678164,0.752877664,10.41876808
3.435545514,2.237069843,10.89267857
3.137173979,13.23149945,-3.512423997
3.096730565,13.24602766,-1.957170766
5.650171662,5.454386926,6.49325877
5.663911412,4.588020093,7.804085606
6.624777874,-7.350503386,-7.027288402
5.983837315,-7.123749242,-8.430283348
6.363662303,-12.14976954,2.322631647
6.176017404,-12.55593121,0.838115077
-7.206151601,-2.855424276,-8.088085207
-7.11058388,-4.365442348,-8.251849728
-7.349138059,4.180377903,8.711545416
-8.126225499,3.52418058,9.888681521
-9.2662219,-7.899787182,1.387326627
-10.19825971,-6.815663458,0.777488022
7.119249081,12.30574305,-1.750484174
7.756512949,11.1495016,-2.551191464
-10.1878184,0.986083741,-6.776273366
-9.855964006,1.518732879,-8.233025583
-15.18123326,-1.168750235,-2.200849298
-16.06209136,-1.891069783,-1.110144492
2.979974707,12.6915836,0.101047256
3.515639204,11.3813744,-0.561775595
-7.499897672,6.838813493,5.08932331
-6.164496732,7.031803554,4.299383925
-0.586941355,13.25373579,-0.584288004
-1.442517604,12.87293761,0.644854747
12.15743419,-1.07784479,-0.666519405
12.98153129,-2.331921886,-1.055713208
5.432006501,-9.864501027,1.078419933
6.804591457,-10.51844668,1.404591742
-14.63898078,0.724583566,-1.958533666
-14.20935844,1.013445291,-3.426335235
6.372858626,10.72217535,-0.249671412
7.058725801,9.433328112,-0.846405438
8.370690665,7.726545765,-1.609092179
9.056068306,8.453613343,-0.417731808
-2.195627826,-11.35786464,-1.942981212
-2.454982351,-12.58752398,-2.875617503
12.59660748,5.43727552,0.085557599
11.08819668,5.361014477,0.56807396
1.402617606,-3.791101567,-11.03490073
-0.104412083,-3.786258571,-11.27231676
-0.526390477,9.479595362,-7.69447435
0.206299635,8.965764196,-6.445446535
-9.351571881,0.898286631,6.490568982
-8.320335491,1.720937973,7.290294812
-2.791393796,1.036031722,10.59341896
-2.450591616,-0.028591046,11.73454233
-4.256159198,-10.8199005,-2.546676463
-4.90021618,-9.392823214,-2.555009191
3.935865276,7.043834853,5.731566783
5.014603752,6.698564922,4.650314835
-1.166941085,-11.07273332,-5.624724384
0.020722495,-10.72939691,-6.55936474
5.615177126,-12.61262651,5.840622304
4.818367114,-13.72321819,5.119345931
4.198377561,-8.683899612,0.177172669
4.590520727,-9.752720213,-0.877874626
10.45650049,-1.776712512,6.498106479
11.93084123,-1.749416097,5.941581283
3.902068167,0.373526898,-11.81895822
4.347787072,0.686211723,-10.3289875
-4.912395765,-10.73091706,0.588131437
-5.384597005,-10.33913298,-0.874480882
10.66802358,-2.520114627,-1.7575741
10.95624464,-3.988673956,-1.281321042
-15.4731884,2.26056355,-1.121260005
-14.20878087,1.981436722,-0.226554095
1.063683523,6.265361224,8.226729277
-0.049139279,6.593446431,7.138257631
-9.950407635,-6.155809286,10.77783511
-8.645814597,-5.738806702,10.03695018
10.6407592,1.434310316,-8.533867083
11.55483787,2.653279876,-8.335276541
-11.21538504,-0.137689959,7.834921639
-12.59895332,0.490846264,7.58817934
11.54853865,1.246630732,-6.180256815
10.77803552,1.212835085,-4.832762814
-10.78754279,6.898746713,8.345365253
-9.370063002,6.95211042,9.017014852
-3.793832322,-9.782732353,5.65389155
-3.321554464,-10.06412199,7.111680634
7.723565898,6.558633729,4.216678094
7.433825996,8.069212653,4.570358164
1.561540441,-2.835590186,-13.08077824
2.983083042,-2.24850158,-13.26248705
4.883263923,-12.30456956,-1.061786284
4.191314792,-12.23732493,0.351921894
4.796559724,-4.902226498,9.440838116
5.371372153,-3.459643344,9.372628316
6.951425205,-3.553381014,8.010791655
7.00124785,-2.150280352,8.798449917
5.245404833,-6.670759498,8.005100423
4.397762916,-6.949426073,9.28726403
11.93566335,-6.515318348,-0.243611422
11.5488245,-8.026279614,-0.222499601
-0.870971768,5.285877851,9.249565076
-0.999465864,3.912318844,8.512446873
8.615915259,-2.5641069,-4.040895504
9.207574179,-3.298938547,-2.798736716
-12.8311627,-0.315438044,3.718174546
-13.27071914,1.011571154,3.022923283
6.612433878,1.644692461,8.811607319
7.376853481,1.538024564,10.17465508
11.16225127,-3.144351828,-3.831458307
11.78104665,-4.298495477,-4.688443832
-14.10746083,-1.72398224,-0.452858228
-13.64744563,-1.900203281,1.052210824
-2.405833125,8.697920033,5.36618999
-2.53671586,7.220745719,5.82414494
-2.833639919,1.719064862,-10.94676411
-1.356431665,2.078478004,-11.24932903
-4.979121762,7.930557443,-9.275268206
-4.906923147,7.937569613,-7.694827314
1.304840858,11.83719058,-1.585573738
0.809927623,11.54439356,-0.132269747
1.522369525,-7.133074241,-9.057399819
0.643630411,-8.142290576,-8.183808915
-10.97856642,2.717208243,-5.297781094
-11.67402285,3.829057289,-6.132981563
-3.049976773,-7.290082931,-7.48409684
-2.309954044,-8.109563023,-8.612091085
13.53829307,0.0242889,-1.811878216
14.89866828,-0.751519,-1.641664711
-10.16768999,6.634738888,4.164067853
-9.975760699,7.778862892,3.153975715
-7.305008135,-2.032947024,11.21213845
-8.067145167,-0.692205694,11.46276183
-6.311491647,4.982837613,10.38027037
-5.582306126,6.364204932,10.30344945
-5.141848405,9.672874989,-6.516991753
-4.166745089,8.60860936,-5.877691368
-9.523883052,5.543995162,7.311824799
-9.921427513,4.032990257,7.212223455
-8.284632763,-9.647745926,-2.492540921
-8.025603392,-8.214040975,-1.939901594
3.218330093,4.961980245,9.148083394
1.746500904,4.588774588,9.515582891
-4.32825757,4.910222435,11.76113813
-3.230117691,5.281609444,12.81951486
11.66521144,3.102151187,-2.608088598
11.31451462,3.978585836,-1.344782892
-9.354204078,-5.138637222,-0.573337302
-10.41057373,-4.476567961,0.310180481
7.862446677,6.576659062,9.119872813
7.301493883,5.960085533,7.788656067
8.625979744,-6.877678612,4.91093694
7.64326938,-8.120764019,4.781997408
6.399860887,9.361453661,5.76868866
7.344577048,10.19311774,4.84252528
1.038719623,-4.220630804,12.97028185
2.09640111,-5.106386049,12.23883117
-7.685904564,-8.240551773,-3.92686602
-6.871365477,-6.982852378,-4.451990644
-10.91048195,-9.173247215,3.855439721
-10.6743053,-8.895909965,2.341595279
12.48089113,2.12524352,-4.42303468
13.7155557,2.594963649,-3.571319541
-5.574550189,9.109817473,6.636979104
-6.946858202,8.345509506,6.635715546
7.898093439,-7.731209804,1.116985202
8.231492441,-8.707389103,2.249629376
-1.224868609,12.05339973,2.7687945
-1.448766564,10.88003782,1.741067042
-4.659210657,4.898076448,-9.516837175
-5.424909503,5.919751283,-8.707195288
-10.22252703,-5.445925447,8.821788685
-11.41718768,-5.524957684,7.850684273
-3.622132913,11.48104826,-4.602566371
-3.299567351,10.02892,-4.22216845
-5.779925726,12.36311009,-1.380831259
-6.232697965,13.38116752,-0.237879087
8.763868491,-5.21506569,-8.506733647
7.595258969,-5.987363444,-9.13999352
9.937329718,-7.632534019,-6.971294907
9.976219955,-6.232234723,-6.309097902
-13.03320301,-1.040863175,-2.74449277
-12.63261193,-1.991864049,-3.890174449
-3.25107435,13.35263485,-3.528040537
-4.468415992,13.40204072,-4.473428832
7.077185657,11.02011089,-4.491613318
7.744013917,9.621643754,-4.302331379
11.65356153,5.723092387,-3.403950995
12.43778137,4.480278435,-3.998065034
11.95942956,-6.110155862,-6.218475348
13.14395487,-5.155500285,-6.582917516
-12.55096449,-7.618131709,7.610849211
-13.45766036,-6.352038972,7.876420509
10.54537925,2.299712993,5.855112885
12.04796631,1.910056067,5.929700563
2.878127933,-6.233901643,-10.9757744
1.38208976,-6.064968617,-11.02384652
5.312124903,-10.72708528,-2.568137337
6.544319997,-10.03920204,-1.920601613
-0.918374858,-3.953987209,13.09675175
-0.54682065,-4.038380091,11.55863791
-11.66882704,-3.622285698,-1.108151492
-12.12083947,-2.479870552,-0.127534303
-6.578237104,-5.410480848,-6.069443609
-7.11943731,-6.385523812,-7.151812473
-4.318613088,2.212186981,-9.009583134
-4.548309695,0.970123318,-9.931348399
-7.63583801,-8.295943199,-6.25299974
-8.576471166,-8.931810822,-7.325485156
3.000151281,5.450180623,-11.90374257
2.099616411,5.743839733,-10.66509762
7.984912681,-8.427311387,-7.657494322
9.140365755,-8.83868982,-8.593157934
-11.62770072,-5.566491221,-2.432945236
-11.65624111,-4.2250984,-3.219347219
0.40671995,-7.245922183,10.51958792
-0.720775375,-8.123558341,11.13404972
-2.581493288,12.5790637,-1.097587701
-3.623236561,12.02943961,-2.104538688
14.2541429,3.934679844,-6.354921631
13.73926998,2.512544666,-6.632119213
9.548287973,9.590277601,-2.090341331
10.0519371,11.07483286,-2.234077958
-8.892006983,-5.582720764,-5.5451624
-9.05559139,-6.992277484,-6.231862484
-11.08912206,5.272619535,6.006390044
-12.37933247,6.074426485,5.538458597
9.999930808,6.589035968,-2.384978806
11.09066105,6.187881907,-1.335003225
-1.040847053,9.81921097,6.273771989
-0.494103509,9.471430952,4.861345859
-5.908482302,11.48017041,-6.289385099
-4.621648393,11.81963963,-7.11155832
-0.194284209,8.457001069,7.874475272
-1.622283649,9.085693575,8.079556302
5.740672943,3.659620386,-11.35475352
5.173019211,2.219295372,-11.59221785
6.3260021,-10.9260113,-6.196032392
5.672115136,-11.93541933,-5.241481269
-7.03581976,1.767238283,-9.111251858
-7.291028285,0.225732898,-9.00409997
10.81864373,1.174120827,3.885773665
10.90940903,-0.276508845,4.482866398
3.21919696,14.54204943,1.059636547
4.224941999,15.60714363,1.581723805
13.84870343,-3.66541863,3.37714023
12.49023916,-2.92543675,3.534720466
-6.943512351,3.991211234,-9.13563132
-8.359927557,3.501376147,-9.623018853
3.558634492,9.815143985,4.579579329
5.005954205,9.455979438,4.15416858
-7.324916923,8.524155245,-1.180299566
-5.752631893,8.599812644,-1.100604579
-6.358441418,11.50248355,-4.047371724
-7.078432046,12.63116572,-4.861123884
-3.205761714,12.16811408,1.679669846
-4.00569973,12.48437846,0.369527445
-10.17831222,-6.654951011,-4.133549409
-9.920730503,-7.542739738,-2.885381319
13.90181335,-1.703452715,2.425995732
13.41607979,-1.409999584,0.967195187
3.752100435,4.276694917,11.94125112
5.092645883,3.475255779,11.90183081
-6.077810023,5.027863553,-11.29959937
-7.198942906,5.647729992,-12.15714508
-2.780539814,-5.924428317,10.79779956
-1.350774064,-6.088155734,11.36641532
-4.588090361,-6.889152859,9.627294009
-3.823761722,-8.194226905,9.415982669
-7.304096037,-10.64387944,-5.64252575
-8.2482912,-11.54540802,-4.790153518
-2.06486733,-9.218283324,9.740835462
-1.350988603,-10.15978172,10.72316573
-5.192656542,2.769477657,-10.82289103
-6.697681045,2.751384571,-11.26066481
-10.53416625,-7.658163397,5.460927136
-11.39929381,-8.787399216,6.123183031
-2.591011705,-10.69033206,-4.056215849
-3.413495208,-9.699091863,-4.949756729
8.401464789,11.76128912,1.30368412
8.414480173,11.40769625,-0.235576011
10.67863318,-5.363227201,-9.423032252
9.719134668,-4.492724202,-10.28313947
-11.56988649,0.533120338,-4.719480471
-11.87872117,-0.613447938,-5.72618746
1.763028864,7.490164873,6.572838983
2.204066983,8.820432453,5.885598278
-0.897715048,11.55418995,4.830953026
-1.446520787,12.97959325,4.554159165
10.25746209,-5.957748967,7.05610855
9.451900967,-7.274592344,6.808926148
-0.92846936,-13.84496983,-3.552485305
-2.325895865,-14.31841437,-4.165591096
12.64867916,1.609310295,2.052033109
13.58229989,0.341392842,2.235990585
-8.716753275,1.90422987,11.02440803
-8.714099545,1.417527312,9.576505684
6.998233067,-7.658139155,6.598705191
7.044363926,-7.378680228,8.128173204
-8.455695711,-11.33494682,2.231855521
-9.393575323,-10.41390991,3.073501659
-13.26737489,-2.833435837,-5.659356264
-13.90866726,-1.43320474,-5.498605327
-14.73009527,-0.043862955,2.003404223
-15.4893869,0.665143152,0.838523542
-12.47609435,-5.76056493,4.464184976
-12.64039556,-5.919051056,6.017473276
-14.12916167,-2.319256053,3.200531537
-14.40344557,-3.618158119,2.426236835
7.333657,3.117841941,11.53961512
7.134341152,4.611103703,11.21195318
5.165179334,12.54666901,-0.228940298
5.819787837,12.29401206,1.126100136
-5.435850221,-9.820608916,-6.123932044
-5.250455339,-10.72360046,-7.355474394
-12.73356493,3.803906145,5.92551229
-14.02115289,3.069098812,6.354767259
6.888924429,0.115819378,-11.21135221
6.128892799,-0.115851242,-12.54963522
-12.91733608,6.617246241,3.789119563
-11.98298126,7.720036245,4.328074517
9.605102462,-4.51956848,-12.52613908
8.313592037,-3.923503557,-11.93614817
14.31825249,3.972826399,2.426373387
14.31681099,2.429271448,2.712409461
-11.11134478,2.187901668,7.725825761
-10.34738354,2.81125059,8.935306389
-2.794851547,5.637080105,8.830754596
-4.161344898,6.005899485,8.173810996
13.82038994,3.539734333,-1.52211297
14.36001825,2.406010819,-0.57618269
-8.058626204,4.876665102,-4.929548907
-7.767736095,5.475245751,-3.499942386
8.153240503,-4.461922629,10.11696443
8.347737045,-4.812237058,8.619124978
8.423744178,-11.16736812,-1.047184092
8.303282967,-10.61629008,-2.500324677
-0.184833992,6.147645109,-11.04916381
0.015220766,5.957702859,-9.487643611
2.986582197,2.253686656,-10.7999374
2.687523038,3.811057777,-10.6633418
11.17285401,6.684559526,-7.146006913
10.84403902,7.292682491,-5.769537051
10.03065136,8.810384065,2.407051429
9.338367555,8.323411545,3.710329672
2.585311265,6.556320931,11.35923266
2.000556617,5.112351279,11.47918907
10.79007573,-2.5644404,8.344015594
9.304461443,-2.868649733,8.476691497
-11.48974926,5.054299772,-3.668212773
-10.05551439,5.588587516,-3.989709114
11.24939486,-4.92652522,5.550278021
10.04255264,-4.03830445,6.074292825
9.440872518,-5.829899695,0.101090371
8.737432643,-6.985318303,-0.661524512
-8.283599267,12.11402,-0.620740683
-8.723853022,10.78877254,0.070852263
-11.17419556,-6.767874146,2.586189258
-12.43937902,-5.94021484,2.226447315
6.650069985,-7.763501421,-1.237345883
7.695596493,-8.839556687,-0.819943835
-6.201089105,8.842022678,-4.976532415
-6.587153042,8.51108843,-3.48319273
8.866589391,2.1789775,4.232341408
8.040342794,1.848332803,5.507083997
-3.809007164,1.643919169,12.58524534
-4.11468047,3.073151434,13.06351774
0.79949241,-13.53827617,0.480076753
0.652916397,-12.91313061,1.915285446
11.01122792,8.458362433,0.602417584
10.12821082,7.236653757,1.095101338
10.23819991,5.264850731,-9.178587329
10.10019133,4.541152074,-7.822142531
-8.926452763,-1.70362112,-8.272107769
-8.965717974,-0.163832996,-8.147391409
-0.706998509,-12.52926135,9.473214433
-0.24802534,-11.10635765,9.154766382
7.227142183,-4.092590749,11.98993935
6.256588161,-4.51567668,10.81919571
-1.913700651,11.0467848,-5.743319326
-0.657257496,11.9698691,-5.908681812
10.06752529,-5.123233184,9.798025969
10.91000525,-6.386245406,9.447432131
-14.74004351,2.148232106,-5.372306594
-13.37251107,2.655067848,-4.846155019
-1.508288122,2.748806974,11.58923349
-2.300063545,3.999802089,11.25008829
13.67424902,-0.731951379,5.786156367
13.79139134,-2.192151209,5.289762702
14.38754726,-3.451081205,-2.604433751
12.86113887,-3.4254003,-2.924312673
3.682295577,11.34297482,-4.877088481
4.781753324,12.45153973,-4.999514025
6.344555394,-10.82639363,6.549385636
7.594644303,-11.21284218,5.712403272
14.16260571,6.677145975,-0.428814022
13.97128481,6.573323663,1.128868817
-11.96115773,-5.27114928,-7.285187271
-10.51684739,-5.691688408,-6.819363887
-12.80052645,-6.598284653,-4.413452683
-12.08626096,-6.979561871,-5.740027922
-3.677074541,10.21778532,-8.735293875
-3.0913384,10.04848806,-7.290047502
-6.579406913,14.5913752,-3.519960857
-5.854761256,14.1525586,-2.181376683
0.65577366,15.29119121,-3.719763013
1.564731606,15.21964022,-5.0005075
-3.404857102,8.624549708,7.118265434
-3.380433441,7.806382809,8.431911868
-1.10392403,-2.112341202,12.39093594
-1.066367771,-0.847846277,13.25333525
-3.196956705,5.153778774,-10.99792641
-2.791963767,6.028227264,-9.759801965
8.656259757,-1.483072351,10.09404395
7.414981764,-0.581226618,10.34800563
-3.85111667,-11.76259442,-5.02647443
-5.257776046,-11.84855307,-5.637765773
1.242726714,3.061542631,14.0138412
-0.272852384,2.944964753,13.73714785
2.165293846,12.84206103,2.247814649
1.340782418,13.91363258,1.469057303
-8.384812673,-13.88988221,-3.7203982
-9.605893035,-12.92334808,-3.550199155
-5.28763218,10.20623576,-10.29237455
-5.492786934,10.98848135,-8.951466142
-8.012321428,7.308073422,-6.676702498
-7.731152495,6.608217624,-8.074539708
-2.458535214,12.39250217,-7.035748536
-3.18168646,12.96135651,-8.322864709
15.12781678,1.183982442,-2.82117879
16.03533083,2.474685634,-2.814629893
3.168577207,-9.02166932,-7.777387359
3.060595147,-10.48468478,-7.333711095
-12.4975028,-1.688176745,-8.178261153
-11.05118753,-1.670842907,-7.610168108
9.910567745,-6.221460818,-2.19390918
10.45953453,-5.435163632,-3.429945042
-9.693936847,-9.886559672,-4.355491519
-10.8509213,-9.540057507,-3.355449371
13.06726231,-6.035060661,-4.295906689
12.94754796,-7.251877155,-3.360662971
9.762426511,-6.393280911,11.444273
8.245448497,-6.185266993,11.63501625
10.79800246,-7.627060621,-9.797252483
11.16505549,-7.007937982,-8.415810929
-7.516795818,-9.799912756,10.78156325
-8.388862043,-9.405367554,9.518111827
7.314127422,-11.15085246,-4.404469724
8.867488597,-11.00610876,-4.491106173
-14.31182689,-2.414827577,5.355727708
-14.53700741,-0.952697714,4.888947257
-15.2509862,1.899152241,7.947387772
-14.68582792,3.322788197,8.183827815
5.497382793,1.405664271,-14.37807708
6.926419575,0.930222991,-13.99744212
-6.830796229,9.056185719,-9.631001974
-7.174922475,8.57820599,-8.193040126
9.647625422,3.731532274,8.725285698
8.185222529,3.194578283,8.904636133
-4.113469168,15.19288425,-5.523155098
-4.179383907,13.94778406,-6.479313084
11.85626527,9.894463152,-2.406307704
13.19407319,10.65021071,-2.115276006
-6.89010064,-11.22139424,0.46821567
-7.564509339,-12.59030251,0.115501428
8.609678117,-7.674390546,-3.34769234
7.507314009,-7.735295937,-4.430142377
0.70355674,2.888941371,-10.64616072
-0.119626337,4.183632335,-10.58042083
2.995111014,13.47724744,-5.699359115
2.252748524,13.94530328,-6.991965209
-9.554807615,-2.160306788,11.47002467
-11.058566,-2.551263099,11.27231762
13.71830914,8.184499404,-2.352707982
12.7266365,7.051851018,-2.076869147
13.16844706,0.931021552,4.311320139
13.99422216,1.473201042,5.529208993
-6.739599305,-11.01459422,-2.310858792
-7.986862385,-11.87189674,-2.693018364
-2.630384261,-13.60922342,11.1087103
-2.106152745,-12.18019168,10.80341405
10.43296566,-2.610830562,11.39727751
10.83472642,-1.435772164,10.46563994
6.766142999,-6.963383118,-11.19494107
7.984584582,-5.987027873,-11.28546489
15.75201946,2.944950942,5.509581961
14.32131081,3.513273028,5.777005391
-1.60474636,1.35054825,13.68534876
-0.538092684,1.201141171,12.51195473
-8.846665739,15.53233345,-1.411157527
-7.315688253,15.45015997,-1.625684243
-4.029526268,-2.51086249,14.20221036
-3.039687489,-1.518232131,13.53011725
11.99770587,3.878115766,-6.64248273
11.25486069,4.746803582,-5.616194019
-2.527321146,8.207356785,-9.0375283
-1.14275094,7.901936832,-9.702743323
1.195826428,10.88965648,6.186705341
2.609993217,10.72321304,6.715766651
-10.87127754,-8.873253366,-7.072687843
-11.21667996,-8.80116304,-5.588247066
-5.085737887,-9.69553412,10.14445901
-4.537073704,-10.69521295,9.075694384
-12.31981777,0.474385249,-7.689507019
-12.30147247,1.868965143,-6.920273398
1.254330548,8.420184566,-9.285509969
0.168536917,9.443684081,-9.675756923
-12.47673755,-4.377152449,0.53920132
-13.95090329,-4.92582275,0.55180756
5.755986468,-12.85132055,-2.839191234
4.277130387,-12.75973096,-3.411447897
-13.00045079,7.16463451,8.226586922
-12.35971674,5.897838516,7.650218363
2.984164912,7.515058675,1.391064209
3.280167537,8.465491912,2.606516179
-6.277819553,-13.19841854,3.429705982
-6.658493449,-12.54721759,2.015819212
10.95252214,-1.013342558,-12.86513394
9.593154176,-1.430987407,-12.24232162
-2.572909005,15.57052917,-4.114069021
-3.530952793,16.76800781,-4.194164929
11.29202404,-7.291863249,1.703869491
9.818325117,-7.318143686,2.23530409
-2.815538534,-2.320387608,11.47825113
-2.925425398,-3.845776439,11.19995538
-5.150862691,-12.74440483,-3.456603145
-4.634378381,-13.1237464,-2.010458781
9.305559097,7.323157109,5.758691955
9.165408359,7.123818746,7.269721408
-4.490636278,5.373917305,-13.02126476
-3.231792511,4.467107412,-13.04025093
-14.72335647,5.184858164,5.584695791
-15.79498879,5.197622123,6.69558799
-12.47295226,3.584138348,8.727314468
-13.23036155,4.86027079,9.134149213
9.312644059,-0.491121375,8.172321093
8.675341205,0.909168811,8.370875495
-2.654765665,10.31954024,4.123191412
-4.176649296,10.08366049,3.932272658
-0.296714286,15.05193972,-5.63614579
-1.786928577,15.17818674,-5.969883274
-9.156232472,8.027785951,5.290330474
-8.987431715,7.589357002,6.77343689
7.748177912,7.361472939,-7.772278048
8.938147321,8.32337072,-7.98372222
-15.44170567,2.97112389,-3.290490557
-15.1382473,4.01224074,-2.205856643
12.56450668,-5.549707645,-2.086133308
12.9778977,-4.725811557,-0.827395827
4.481807906,-7.327599967,-12.14214411
4.774960523,-8.473047461,-11.12108955
-8.300162972,-3.259424764,13.1655398
-9.29966552,-4.314470677,12.60391578
12.15692131,10.13088928,0.532906791
12.72518303,9.227991299,-0.572175157
-14.7969524,-3.432145424,-2.504519111
-13.60528169,-4.434003613,-2.549976626
12.8214157,5.147925712,5.962701386
12.38375145,3.829638798,5.327101893
-3.266881882,-14.62519832,-1.085295212
-2.933332568,-13.40895873,-0.153079264
-11.05371612,1.854491953,-10.11764439
-10.31779043,0.485955639,-10.17426169
-3.468842155,12.25054916,4.134459327
-3.99797213,13.70213006,4.273323429
-0.922278703,11.81923294,7.153976348
0.232427452,11.30737062,8.046844967
-7.461933999,0.783161803,12.91900683
-9.021969352,0.536720638,12.81343187
-8.205867513,8.237730283,-4.945257852
-8.829318062,6.820460908,-4.901723804
4.449202307,-2.896159664,13.00522479
4.712280025,-3.158371128,11.49042656
4.743935478,5.302574499,-10.29310604
6.174560001,5.217615707,-9.602498732
8.500229342,13.37715494,-2.387363571
8.340232893,14.75409574,-1.745634201
4.353503493,15.42953626,-0.791379721
4.086461161,15.97000294,-2.219094629
12.22991732,-0.667037598,8.948041548
12.55975537,-2.187547281,9.197746995
3.005519448,-12.36359997,-5.042080353
3.75145224,-13.71507008,-5.209818022
1.920042061,-8.199955114,-11.35303414
1.686865917,-9.020602781,-12.64953348
-1.949119276,-0.017606896,-10.65837379
-3.187754971,-0.76436195,-10.10876984
-16.23264493,-1.346142826,1.025207454
-17.28499977,-2.465192192,1.231881797
-14.25613281,-0.831950005,8.456332888
-14.09333656,0.599760587,9.100436328
-8.883282994,1.788707876,-10.9328479
-7.78431497,0.794285753,-11.41295758
-11.11959901,-0.088610982,10.25856757
-10.59203623,1.315566137,10.63039784
-13.74338145,1.32260947,5.535929306
-14.44990119,0.371244096,6.520895004
-3.948353446,-13.91111407,-5.381847838
-4.063871634,-15.30459419,-4.731261414
11.997802,-0.025916858,6.849592201
10.90783083,0.520521816,7.818894583
-14.02462006,4.750450485,-0.534877513
-13.70305596,5.861136037,-1.590373907
-11.58863781,-11.9294344,0.392908655
-11.23924078,-12.3035631,1.89066758
6.800680881,13.98100117,-0.193261554
6.428344044,15.33585473,-0.838580201
11.70812962,-1.706992833,-9.034112116
12.06120959,-3.138227913,-9.690767219
-0.453044431,-11.02731521,-11.12611723
0.46612401,-9.766160151,-11.04299621
11.53264944,-6.305992696,3.714903868
12.33567715,-6.587108846,5.021240326
-14.89446778,4.412079445,2.101445248
-15.66696614,4.503746753,0.726903301
13.45304441,7.01060026,-6.833082043
12.74903573,8.186308177,-7.574824937
-11.69146205,-4.040754463,9.277336341
-13.05372265,-3.332720366,9.639591123
-5.436720828,11.66637078,1.486447926
-6.968987618,11.42129436,1.056995055
-3.054763938,-12.00977745,6.549547247
-3.093803692,-13.42630642,5.955743423
-9.776516923,-2.636842647,-6.279597621
-10.31793825,-3.648386338,-7.350373998
-9.507294386,8.472882466,-0.896346053
-8.884525626,9.666393135,-1.652243398
-0.411752875,-5.378709527,-10.25113664
-0.336671327,-6.526322512,-9.19380232
-10.87018833,-6.383575629,-10.31433222
-10.51796902,-5.636439406,-8.988348027
-5.607964557,-6.197569922,12.09999436
-4.849058048,-5.341999479,11.02878118
-0.799120127,-7.160993,-11.39937105
-1.00751412,-6.606159446,-12.81973245
9.623141342,-9.472133712,-6.095347758
9.086566875,-9.117446848,-4.672102114
-8.792939712,-10.72464864,-0.769608968
-9.865363628,-10.96834094,0.345007366
-10.84204899,-12.60558947,4.010885667
-11.4346313,-11.23674617,3.535318115
8.18072445,5.457266497,-8.596371298
6.938193487,5.361955306,-7.688258534
-6.052645677,-16.04788404,-3.38939245
-5.2473694,-14.79224966,-3.015137201
7.581695843,0.327782263,12.08661132
6.113153172,0.726237846,12.30329113
10.40115648,13.57566412,-2.182338807
11.25971876,12.91030407,-3.274685975
-3.650577501,-14.26931666,3.701235869
-4.729223482,-13.63245127,4.606185259
-3.750741418,-7.193032073,12.24342102
-2.863361277,-8.417537215,11.79475273
-9.638836994,-4.216077473,-10.26241387
-8.435439119,-3.399698374,-9.696811189
-2.853128205,14.72349258,-0.148054424
-4.284967895,14.49464868,-0.690690488
-5.435667937,0.875182979,13.60445085
-5.151004425,-0.62257141,13.85033209
1.950377482,-14.47240171,7.281786834
1.016922159,-13.66352553,6.35501044
4.70195167,10.94890382,2.874098941
4.625722572,12.46341339,3.194880751
0.032417923,3.56463531,-12.44696253
-0.089281568,4.928993467,-13.13426371
8.423873744,1.427279257,-12.48528564
9.140396324,0.343700868,-13.31601343
-10.25644727,-1.876248684,-10.5590903
-11.1520825,-1.127261354,-9.542118565
-6.590717744,-11.48698087,7.045534368
-5.389165218,-10.90097984,6.23068061
2.95438443,13.82007811,4.095550855
3.922743942,13.38570787,5.236613809
-5.380937872,10.93528684,5.414417808
-5.392893945,11.02315241,6.946138349
5.328881214,14.08262623,-2.3163885
5.166813863,12.51380112,-2.501695099
7.900157894,9.912112306,-6.936193324
8.274979757,11.43780512,-7.086795666
4.306654417,-4.528292628,14.80690137
3.078292758,-4.156620326,13.92908965
-16.92041556,2.484073242,4.807082318
-16.36817584,3.095592393,6.12142918
9.407749662,10.68411647,-5.592437765
10.21973696,10.36553945,-4.255054974
3.566698593,11.22593369,-7.119720467
2.520933763,10.23949398,-7.694621844
-11.38824695,-11.07441903,-5.180962164
-12.64654152,-11.27497519,-6.047430585
11.25028766,12.06691527,-0.559563794
10.42337058,11.3972141,0.555708253
-11.69968753,-13.67877809,-3.163659904
-10.74970578,-13.55143739,-1.908088114
-3.021323183,7.315173428,10.31256567
-2.293001891,8.684427202,10.65230708
11.89385565,10.7439462,-7.507353669
11.28637128,9.893131323,-6.383213226
-10.48622572,-10.97466631,-7.131562632
-9.153150948,-10.56441101,-6.516254539
-3.907008061,-12.58786597,9.730136925
-3.85602735,-12.73811948,8.17338044
-12.08504654,-10.4772271,-1.268124782
-12.19869867,-11.96339674,-1.616812202
4.131143358,-0.038737109,13.06899421
4.708016423,0.572814954,14.37830119
-5.155364079,10.92907771,9.295511621
-4.126148,9.793080062,9.002774324
11.04903227,2.35186446,9.186585269
11.35199377,2.993982588,7.797620505
11.94274634,-4.445643604,9.153145341
11.85913571,-4.104694437,7.637150586
3.25333051,8.137335898,7.587469994
4.652223827,8.420352444,8.188110454
7.911518947,12.75836082,-8.545911397
8.560744408,13.56582417,-7.354789244
2.343746598,1.212506838,13.02110948
3.195609218,2.51213226,13.07788688
7.473485353,13.14190559,-5.194489204
6.395231588,13.02367516,-4.077231512
-4.695562888,8.333640549,-11.39151674
-5.99259514,7.537504777,-11.190298
-15.83529623,-3.70147734,0.107240552
-15.30637277,-4.619987291,-1.038606359
9.363251397,10.3671284,4.226191428
8.540468414,11.66891466,3.974124257
7.746140034,13.49041284,2.602992354
6.802227955,12.25042212,2.805011969
2.37706295,-1.048119183,13.38575856
2.625073392,-1.380881029,11.87924981
13.3845273,-5.594580681,3.272581979
14.28451343,-6.075771381,2.076760693
12.65196355,-0.069268992,-11.86916488
12.20243248,-1.402147246,-11.21325166
-5.56705436,8.79913255,9.958433279
-6.008722205,8.044339325,8.677886992
-6.234622113,14.29795841,2.510798958
-4.884351089,13.59538257,2.398665096
-0.727604253,13.85443541,-7.59133548
-1.253766602,13.73054103,-9.064046192
-7.478507357,-1.652006311,-11.75160961
-7.986474718,-1.077928494,-10.3926537
3.737808037,-10.0308109,-9.643062526
3.303000133,-9.854291441,-11.10535954
-5.432779102,-10.41401746,12.19166443
-4.730404757,-9.02245028,12.18683451
-3.142890026,6.968057159,-12.35615746
-2.716984754,7.894365039,-11.19678904
-0.046428109,5.94895365,11.28618162
-0.967085701,6.916382559,10.53259358
-9.967912374,5.003596507,-6.741714549
-10.99307711,5.673577407,-5.769473902
11.096198,-8.910701445,-4.200435823
10.91603742,-7.547342241,-3.464715113
-7.645326289,7.233122147,10.35049513
-8.296148429,5.836030712,10.22718117
0.907783682,8.504842671,-11.45812375
0.254675705,9.153329248,-12.71354961
-4.078151477,-6.369112352,-10.25995215
-2.517785138,-6.371834858,-10.39592487
11.24295846,7.80987286,-3.49617655
12.11464595,8.738308235,-4.407004363
15.38668648,-1.229465932,0.340948118
15.22518257,-2.548282016,-0.434408817
-11.57635826,-8.3683667,-1.378999116
-10.42040281,-9.404395735,-1.12935086
-4.879506421,-1.83693343,-10.38297223
-5.777385365,-0.617546878,-10.61250123
2.962036881,17.87460199,-3.316206138
2.083710375,16.60547252,-3.544700578
1.853797529,4.651539733,-13.51461809
2.560991537,5.907473873,-14.09325193
0.236316938,4.909209625,13.49383051
1.055425647,6.187267301,13.15783357
-8.236628696,11.98568941,-2.610394272
-8.628905453,13.48076641,-2.40825984
-7.208592326,10.85828682,8.325787623
-6.973576918,12.38422622,8.14697121
11.40143248,-4.510791884,11.67962853
10.63578241,-4.079360102,12.97409248
2.267462011,12.40582665,-8.174511693
1.192076689,13.40046762,-8.725424899
-0.254878917,-5.272809418,-14.43801632
-0.071677624,-4.699872176,-13.00143587
-2.25726461,-15.47880652,-2.446787649
-3.583436592,-16.26374325,-2.324485258
-15.75265376,4.167044403,4.223575539
-15.3623066,5.612769052,3.742883227
10.49810826,12.51586526,-7.977351831
11.60130238,12.79976928,-6.934306398
-5.042131825,-2.897055967,11.56823403
-5.929567315,-3.125196451,12.8230807
-7.684047743,9.01303029,9.237850239
-8.995193433,9.047502273,8.420589482
-9.358223777,-12.56546236,5.627199155
-8.932699129,-12.21114661,4.164347235
12.49790171,12.70840694,-4.876183718
11.10466196,12.0152171,-5.089502802
16.04579063,3.681953741,-5.0752319
15.00694717,4.391981318,-4.16747786
-8.794863554,-1.237617731,14.23047045
-7.258542576,-1.166932982,13.98256022
-1.644186683,-13.63933252,7.858977101
-0.132319979,-13.96588956,8.104329678
9.487381171,2.064548722,12.5677139
9.586937936,3.278325011,11.60682437
6.674405462,15.39774503,2.627543737
7.504289953,15.17300522,1.333262478
11.1903289,6.339858363,7.041546031
11.7127704,5.12200797,7.861813519
-13.70894816,2.444270108,10.11041562
-12.91080205,1.227893948,10.65745092
-3.24035045,11.19023027,6.85147556
-2.860565333,12.5454264,6.255669311
8.526623901,5.04708751,9.91180244
9.193947659,5.741533465,11.11460916
0.745000743,-7.19704441,14.80052355
1.620867754,-6.134127419,14.08786052
-15.7117043,0.868380452,-7.668446501
-14.31149694,1.339292098,-7.234422036
13.35105247,8.405746627,1.752347132
13.11201994,7.636255271,3.082456098
1.119828574,14.4308819,4.880440298
0.744193175,14.81880275,3.389673815
-5.101787364,16.19019716,-2.75166525
-4.074302698,16.8591988,-1.834791577
11.11273377,4.158631117,10.33815012
11.48162728,4.182326828,11.84286036
-1.207797734,-15.54390156,11.18513681
-1.609107556,-14.84840983,9.858691217
13.44907244,3.552495841,13.25760879
12.9266848,2.631583117,12.10502286
9.874471346,13.73984714,-5.252107753
8.870106344,14.3802786,-4.286843926
0.305441592,-7.914176118,-13.49793341
0.890011324,-7.431277979,-14.84606941
-6.196536915,-12.36003104,8.800934985
-7.168731194,-11.16794735,9.056603494
1.376787122,-8.181217589,11.92594089
2.166665246,-7.965039352,13.20981807
13.55067604,1.841480261,10.05619358
13.71651961,0.747063833,11.14115656
-12.68964059,-6.462832479,-0.083939826
-12.88518685,-7.998172895,0.062168156
-15.32346715,7.431985361,2.718184194
-14.81530116,7.604939073,4.163983737
12.28421357,4.624295174,-9.6211982
13.16861822,3.774980929,-8.6440703
-7.99333773,10.52017658,-7.603038119
-7.986623804,11.11821206,-6.173557444
0.428897496,-5.807201744,-16.66800332
1.550327034,-5.284230277,-15.70787364
-3.855482775,2.617753961,-13.85938987
-2.628637144,2.291836353,-12.92535237
2.101450283,13.93966588,6.800181537
0.6886107,13.32126528,6.817082921
15.62981515,-4.231807823,-4.119996318
14.80542089,-5.383863482,-3.435914907
3.587850964,-8.769324716,9.558193639
3.352034896,-8.284446724,11.0424875
2.8967214,0.012538117,-13.4980516
4.372843316,-0.366251978,-13.80975173
6.461332271,-2.533406034,12.89282283
7.917784597,-2.020312085,13.06868301
-7.528874722,6.13589237,-10.20341921
-8.79112402,7.017416192,-9.831118786
1.697323058,-16.9065817,-1.749753852
2.367948097,-15.59993061,-1.221852392
-2.877739878,10.59838403,10.21807156
-1.905242749,10.82291487,11.40824228
8.218060323,-12.59267763,0.458911612
9.682489374,-12.23977894,0.076890524
-15.33688207,-5.468453616,7.329290725
-14.77401342,-4.555879692,8.437312391
-17.04350256,-2.391029465,6.444162672
-16.17983358,-3.67351864,6.377510525
14.46358721,2.241131248,7.649741249
13.22588651,1.38701094,8.073054773
-8.15987849,10.07091421,-3.75904849
-9.661314829,10.55311607,-3.482590953
-12.45700903,-9.540610041,1.805227693
-13.14376007,-10.13663367,0.545173961
-1.851898264,-9.374342055,-10.36898318
-2.996024719,-8.310894735,-10.52786607
-11.45106758,7.32695031,-1.239208576
-10.67071411,6.776622516,-2.448936457
-10.53928407,4.266804637,-10.33395223
-9.202499121,5.030938448,-10.24976429
1.903843001,16.80295299,-1.301170299
2.331533961,16.0862638,-0.007291038
3.787242039,3.751166306,-14.10441458
4.867000885,2.987661531,-13.31289218
13.30237558,6.307629726,-4.833040414
14.76461389,6.10695937,-5.308656947
16.96401606,4.417757627,4.332836874
16.10531126,3.401672322,3.546918831
14.4015062,-4.340068835,0.967024193
15.11806781,-4.749645728,-0.338410068
-0.637092298,-7.21586016,13.09187391
-2.011278155,-7.603176615,13.66103292
2.964540109,-13.65038492,-1.750706002
4.085428357,-14.14753037,-0.838091901
13.75158791,-7.438381523,0.632604279
15.18705747,-6.990773049,0.205802331
-6.021028393,12.57029478,3.981294855
-6.312892191,11.22927427,3.301571344
-15.41366335,0.079708864,-5.825713392
-15.29693681,-0.380034626,-4.332440035
1.294807051,2.236226109,-13.54495575
2.830666913,2.073810726,-13.52572177
-13.66803091,-5.072518584,-5.49009837
-14.52773786,-4.295945763,-4.475443291
13.24682402,9.602851719,-5.908010541
14.01635432,8.52569005,-5.080745359
-10.08486342,8.752523019,-5.884655927
-9.962080005,10.07894657,-6.650850751
-4.242285765,-12.24858529,12.11245959
-4.778381178,-12.26446323,13.56691063
14.60204027,-2.109263584,-10.20377738
14.36200167,-0.989691901,-9.122687679
-2.375236833,-4.565311474,-13.00484489
-3.22582158,-5.344909559,-11.95972719
6.751580363,8.021411641,7.621314565
5.629517753,7.801115394,6.575375353
-16.33552272,0.73104186,3.112297723
-15.75564009,0.814164827,4.554638089
-11.85527254,7.327858865,-4.271668315
-12.39414005,8.441657852,-5.204139947
11.49889737,1.032075571,10.59330495
9.978999259,1.400653946,10.73859833
-13.18688094,7.783012754,-2.730153023
-14.35045214,7.727185131,-1.701588161
8.620519689,-11.26159535,2.919004007
9.458753981,-10.00908899,3.308595964
14.95557239,6.668674866,3.410548112
14.636321,5.483492182,4.323963073
-1.647150758,-14.83229703,3.182536365
-1.413609906,-13.58948108,2.276459763
-8.014375638,13.44436757,0.981818962
-7.621482476,14.82656374,0.367306932
-15.19606856,-2.661549364,8.030177502
-13.69342309,-2.712960212,7.657633292
4.62586966,14.89848822,3.631538244
4.70785165,16.4525129,3.752802247
-0.784954862,-16.00307496,0.995203346
-1.889893857,-16.18558799,-0.134248691
-11.56513229,-5.354020392,12.67242124
-11.47320555,-4.576638063,11.33272442
-5.700358505,2.914477536,-12.95645529
-6.503454928,2.397734347,-14.18577672
9.152225257,-12.45200797,4.676998446
9.891676353,-13.07231889,3.460958078
16.14214216,-5.47572576,-1.897740385
17.20977978,-5.626118826,-0.778909668
13.95839575,-0.33808618,-5.140218022
13.99562681,-1.033811691,-3.734846535
-0.52247243,11.69003063,-8.673486287
-1.583221903,10.55020295,-8.79792783
7.872370385,-13.39355702,-1.646574488
7.806105543,-12.92646614,-3.109808331
-7.482196286,17.4189999,-1.835532285
-6.223578152,17.80643837,-2.653904226
11.38853458,0.401159758,13.32160187
11.46922422,1.941779978,13.45041011
12.6756008,-2.09668711,-5.398058672
12.70720299,-3.084538706,-6.616413933
16.59432854,0.054245465,-7.547886376
15.50264854,0.894222694,-8.275548171
8.704672654,-9.445781726,-10.46044691
8.664882334,-7.909482412,-10.47215296
2.315764051,11.01391723,8.86799828
3.436983302,10.02542726,8.472794323
6.473985395,-4.347567807,-12.79964662
5.266545775,-5.202764245,-12.32186898
6.441313056,-13.93649202,-5.984705106
5.646286123,-14.34600175,-4.696959475
16.51395468,2.260764489,0.051086018
15.3979427,2.339164977,1.098492284
9.661947445,-8.602957979,4.834243898
10.71015378,-8.49313777,3.687340219
3.407966946,-6.698922078,14.97726248
4.788992709,-7.368005188,14.82408717
4.73705411,-13.35921216,3.272436962
5.571501857,-14.67944991,3.226182198
-14.40610211,-2.763193327,-8.199961251
-13.87218741,-2.253212658,-9.579392675
-11.24342578,8.407218012,-7.545198267
-11.13280268,6.865342619,-7.634967909
-3.295104091,-10.15912527,-8.71983266
-2.964750369,-10.39806108,-7.220994979
-9.220458146,-10.76678547,6.903262632
-8.793750276,-12.01552633,7.718338513
14.90988275,-3.564018721,-6.225734005
14.88910212,-2.420999041,-5.156013917
11.95072341,-2.009673714,12.8578317
13.10525006,-1.029710022,12.57718467
16.30856498,5.511664536,2.314638765
15.72375248,5.548365722,0.895741065
7.197915277,-14.03825864,2.12721547
7.832696016,-14.4570416,3.444383975
13.52092765,-4.356978264,-8.520938634
14.20378009,-3.04111594,-8.207240747
8.252985859,-7.780830368,9.796443051
8.853608557,-6.91512899,8.656476677
-3.83424551,12.37013382,-10.12148386
-2.422145914,12.66293169,-10.67289859
2.687181355,-3.841665909,-14.74993318
3.632533939,-4.783060958,-15.54469309
-1.30505781,11.13087043,-12.21970122
-0.854608612,11.383216,-10.75088251
10.25077511,-2.761434424,-13.66381135
10.08265845,-3.830204468,-14.78309433
8.647963832,-1.180389139,-14.66481198
7.170365613,-0.872820226,-14.99636784
-13.66064319,7.396315306,0.926859486
-14.61375404,6.188880203,1.150599723
-1.106533834,9.319733896,-14.14674167
-2.0343227,8.995824969,-12.91513422
12.57702459,-5.668711133,-10.08176553
13.00856153,-4.48967855,-11.02218392
12.75053362,12.6897216,-1.85193525
13.73835819,12.35149563,-0.707215373
-8.403755401,4.001081041,-13.54365129
-9.001681367,4.634936277,-12.27889
9.91179211,-10.55746501,5.417844001
9.299294832,-10.79082993,6.808439413
4.574449922,13.6119882,7.504676014
3.64056803,12.3768199,7.522590466
-6.492609222,-12.62674126,5.429124234
-7.579818382,-13.62667294,4.958050708
6.066001459,-9.207832634,7.896966594
5.985612502,-10.24710032,9.085798544
-15.81240412,-2.006310272,-6.45222205
-15.38070593,-3.468664905,-6.571606628
-10.31096919,-13.58323677,0.09597193
-9.071567479,-14.11651745,-0.669263173
2.995482076,-2.368064938,14.99392469
2.622345668,-0.894314806,15.46360718
3.990593096,-9.152357895,13.16833362
4.965029605,-8.036481003,12.77301563
9.408998405,-0.020071338,13.3510261
9.3762862,-0.951205247,12.10087124
-18.9504488,-3.517484445,2.898075868
-17.88872174,-2.512798738,3.462577688
1.182695348,9.666907786,10.08876678
-0.133904936,10.45932387,9.91606338
2.521460648,8.034855972,9.713234794
1.139146086,7.45504446,10.21691412
-9.101221692,1.798144997,-14.38834021
-8.29872013,2.01263531,-13.05700555
-7.69115298,15.20680859,-5.125839781
-6.362960732,14.48132931,-5.53165574
2.528772793,-7.33474149,-13.65190472
3.823022212,-6.570923885,-14.07584945
-0.037603046,7.158794952,-12.77941516
-1.23096412,6.491334313,-13.56047377
3.952875285,-14.80322413,6.640345723
2.979803688,-15.67955094,5.816570841
-6.684838023,-13.52625302,-1.563114238
-6.689950447,-14.44370058,-0.288981575
8.090626218,-10.51275041,-7.355520737
7.009786081,-10.90202072,-8.361959286
-10.48037605,-1.043451629,12.95665238
-11.01724578,0.363395486,12.71825009
-4.415969067,-4.717356113,13.14143322
-5.195184018,-4.636891865,14.45938697
10.9583637,7.188432507,-9.759153338
12.20000789,6.639185729,-9.06189028
-12.6760994,-0.71097998,-10.71661309
-13.47304649,0.588965885,-10.58257246
-2.890328628,6.659672203,-15.11286772
-1.828402314,5.485747998,-15.38989655
-8.966042241,9.003383072,-9.540517603
-10.32377241,8.227761829,-9.389589547
-7.75889137,-15.07112054,-2.153506357
-8.776870504,-16.08700751,-2.733420549
18.20756464,2.838566624,1.028944924
17.47931654,4.186880895,0.74329212
0.039917724,0.329765376,14.96148846
0.671893817,-1.035179132,14.57390186
-11.32487834,-9.307889421,8.190776938
-12.29565133,-10.18064628,7.308888874
-8.504102221,-6.50692577,-9.758375872
-7.767775048,-7.496048516,-8.826244502
5.364604488,-9.118219686,10.68062105
5.865318904,-9.884809367,11.9053894
15.1637943,1.045320091,-6.399542543
14.86656645,1.472483529,-4.922011359
6.019031506,11.85488439,-8.521505698
5.857544238,13.04943954,-9.478655901
-5.686924401,-14.20627256,1.480042428
-4.797395473,-14.48323485,0.227909789
-13.5691293,8.118496266,6.162689789
-14.5061953,7.134681369,6.867961503
0.05197667,2.389657659,15.63906086
-1.090789571,1.459579091,16.11523397
13.62183561,-1.101103696,10.62615137
15.11323919,-0.829480302,10.52213756
15.49062048,4.633154913,-2.219112876
14.33213875,5.678553762,-2.412404676
-16.43457221,-1.806440181,4.648378027
-17.39623277,-0.623567962,4.473210701
14.69081338,-1.247229354,7.747087256
14.85980492,0.133924664,8.427086113
-4.205522099,7.884149975,-13.80706231
-5.006463796,6.878900777,-14.67877333
-9.011054289,17.38715994,-4.942893634
-7.966881958,17.17531051,-3.802450085
-6.765629015,-6.353178903,14.00326281
-7.383039564,-4.967097237,13.99479755
-11.26003362,-11.8771868,6.731520208
-12.23193175,-11.87833135,5.521611801
1.916601951,0.980714279,16.3980006
2.691376881,1.296757673,15.11180664
13.98490663,11.11397252,-4.574660984
14.17018564,12.23256518,-3.517432777
1.962759924,-15.99549142,3.22315629
3.240652219,-15.19243947,3.65768408
7.882234194,-9.985468214,8.122340549
9.113885138,-9.734348233,9.020173635
12.09778808,-3.914752032,-13.0743846
12.95398368,-2.768335708,-12.52221825
-8.132550522,-3.514847801,-11.60047717
-7.492365833,-4.232538915,-12.84369409
-12.08049394,5.860262785,-9.464587881
-11.6298048,4.917263307,-8.347465713
-15.80242529,-5.131836061,1.825320392
-16.63859391,-4.132888745,2.661955677
-1.19554447,9.119943541,-16.13221856
-0.978353255,7.723655382,-15.52382828
5.751996189,-6.09200063,-15.74746926
5.534159702,-5.533902088,-14.29403406
-5.299224396,-4.86083363,-9.671275454
-6.145276349,-6.170545218,-9.480289393
10.13595219,-10.79027818,1.455404175
10.98168523,-10.53110035,0.178537734
11.30419026,8.224854896,4.119366305
12.06153279,7.881832451,5.444226127
4.205786445,14.19842642,-10.6908977
3.637161185,13.83570013,-9.302477625
-6.814625007,5.481917461,-14.13343497
-5.729442451,4.402858135,-14.36666235
7.712135825,-9.415590396,10.93852783
8.816180819,-8.474161339,11.53695658
-12.66895105,3.326114034,-10.0009922
-12.79370914,2.023492762,-9.182131008
-15.57693013,7.421373633,-0.157584504
-16.7875274,8.116233995,-0.861086343
5.936961146,7.501989453,-9.225265391
4.721942405,6.776145809,-8.565498006
-4.414874278,-3.751138915,-11.42326802
-5.941769611,-3.493508685,-11.28612381
11.11854253,-9.035905023,-1.992799536
9.815326432,-9.531202406,-1.299786748
9.160829782,-5.467256804,13.40497065
8.61575121,-4.051985172,13.78118899
-0.55393894,14.62263391,0.948932797
0.468631053,15.78392909,0.948960804
6.233983299,-14.95702803,-2.856589031
4.687623499,-15.04836208,-2.753230015
-14.46614076,-5.076817274,5.354677221
-15.72345304,-4.927714602,4.490170519
5.881743561,-10.08254967,-10.2064065
6.548888912,-9.082027018,-9.242989854
-16.88066974,4.259430183,-1.151726874
-16.74242741,5.736208017,-0.722138227
0.97521743,-15.17495823,1.646236853
1.246588368,-16.38983957,0.736453801
-3.005172049,-0.010371598,14.99457332
-3.326865233,1.454270778,14.59652681
-14.34287253,-6.362351079,-2.92814704
-13.30809116,-7.228625784,-2.173766832
5.707979135,-5.923387345,11.97820544
4.673104849,-6.118980322,13.13666373
1.268195948,7.760676333,-15.3035647
1.807433861,7.899096051,-13.87781767
-11.74718986,9.946520344,-3.628064066
-11.07899872,10.39602859,-4.932551552
-0.564764863,3.892590909,-14.96128391
-2.015183846,3.424271043,-15.00653579
12.54842065,2.395656513,-10.61528963
11.53804624,1.220857219,-10.62925355
-0.621941319,-1.67780067,-13.39333816
0.300714449,-1.251516008,-12.21158317
-1.466735991,6.348224804,13.42553521
-2.455072148,7.172969812,12.58390184
17.80720372,2.367028047,3.179182754
17.39480776,1.181836375,2.272040897
-9.322549921,15.41853838,-3.588084256
-10.35523401,14.2537941,-3.575167461
-2.70176024,-4.483988538,14.28455032
-1.563486929,-5.558249912,14.27078065
17.46060506,3.663445578,-1.268385961
17.87842017,4.23109036,-2.646761814
16.25094749,-1.901130752,-8.168232374
16.51644917,-2.178755965,-6.663617624
-2.973334446,10.35338039,-15.21153039
-3.591620629,9.024981977,-15.69811216
-16.00175111,-1.235074047,-8.52163113
-15.1420937,-0.39719351,-9.519562106
-4.372716946,-15.59177601,2.055254432
-2.85670862,-15.59886136,1.811962453
11.57620423,-7.607689237,6.778326329
11.77339011,-8.55739481,5.574485293
10.05609399,9.604212582,-9.595119005
10.89224406,9.139524892,-8.365990081
